{"binary_time": {"0.005": {"0.5": {"kuchnia": 0.13183897733688354, "ekspres": 0.12637199461460114, "swiatla_salon": 0.12604424357414246, "telewizor": 0.5036787390708923, "swiatla_balkon": 0.00032990833278745413, "lampka_sypialnia": 0.00016458482423331589}, "0.75": {"kuchnia": 0.12615488469600677, "ekspres": 0.12612301111221313, "swiatla_salon": 0.126358300447464, "telewizor": 0.3774770200252533, "swiatla_balkon": 0.11963824927806854, "lampka_sypialnia": 0.12587258219718933}}, "0.001": {"0.5": {"kuchnia": 0.13508787751197815, "ekspres": 0.13057659566402435, "swiatla_salon": 0.1250862330198288, "telewizor": 0.254533588886261, "swiatla_balkon": 0.006413155235350132, "lampka_sypialnia": 0.08632632344961166}, "0.75": {"kuchnia": 0.13615748286247253, "ekspres": 0.1280737966299057, "swiatla_salon": 0.12329613417387009, "telewizor": 0.25344932079315186, "swiatla_balkon": 0.004719894379377365, "lampka_sypialnia": 0.08642546832561493}}}, "time": {"0.005": {"0.5": {"kuchnia": 0.3399674594402313, "ekspres": 0.12644807994365692, "swiatla_salon": 0.12583735585212708, "telewizor": 0.37750521302223206, "swiatla_balkon": 0.006121371407061815, "lampka_sypialnia": 0.24572259187698364}, "0.75": {"kuchnia": 0.34002548456192017, "ekspres": 0.12621256709098816, "swiatla_salon": 0.12631604075431824, "telewizor": 0.5031904578208923, "swiatla_balkon": 0.006310703698545694, "lampka_sypialnia": 0.0007727728807367384}}, "0.001": {"0.5": {"kuchnia": 0.22071275115013123, "ekspres": 0.1405375748872757, "swiatla_salon": 0.1276463270187378, "telewizor": 0.33696240186691284, "swiatla_balkon": 0.022571953013539314, "lampka_sypialnia": 0.020909862592816353}, "0.75": {"kuchnia": 0.21170605719089508, "ekspres": 0.14196865260601044, "swiatla_salon": 0.1277513951063156, "telewizor": 0.3348124325275421, "swiatla_balkon": 0.024085504934191704, "lampka_sypialnia": 0.022085903212428093}}}, "time_cos": {"0.005": {"0.5": {"kuchnia": 0.342003732919693, "ekspres": 0.2527520954608917, "swiatla_salon": 0.1260799914598465, "telewizor": 0.3779618740081787, "swiatla_balkon": 0.12031684815883636, "lampka_sypialnia": 0.24560818076133728}, "0.75": {"kuchnia": 0.1805042028427124, "ekspres": 0.12671838700771332, "swiatla_salon": 0.1259518712759018, "telewizor": 0.377810537815094, "swiatla_balkon": 0.11963851749897003, "lampka_sypialnia": 0.24562327563762665}}, "0.001": {"0.5": {"kuchnia": 0.21939696371555328, "ekspres": 0.138602152466774, "swiatla_salon": 0.1289779543876648, "telewizor": 0.37901556491851807, "swiatla_balkon": 0.0508066825568676, "lampka_sypialnia": 0.026154298335313797}, "0.75": {"kuchnia": 0.22069597244262695, "ekspres": 0.1378229260444641, "swiatla_salon": 0.12910324335098267, "telewizor": 0.3788031339645386, "swiatla_balkon": 0.052642785012722015, "lampka_sypialnia": 0.029101818799972534}}}}