{"binary_time": {"0.005": {"0.5": {"kuchnia": 0.3398365080356598, "ekspres": 0.12612996995449066, "swiatla_salon": 0.0887933000922203, "telewizor": 0.37788769602775574, "swiatla_balkon": 8.641991371405311e-06, "lampka_sypialnia": 0.0005372149171307683}, "0.75": {"kuchnia": 0.1277526468038559, "ekspres": 0.12695783376693726, "swiatla_salon": 0.12635000050067902, "telewizor": 0.3773983120918274, "swiatla_balkon": 0.00030358642106875777, "lampka_sypialnia": 0.0019875618163496256}}, "0.001": {"0.5": {"kuchnia": 0.13552238047122955, "ekspres": 0.1288261115550995, "swiatla_salon": 0.11933112889528275, "telewizor": 0.27102935314178467, "swiatla_balkon": 0.003157859668135643, "lampka_sypialnia": 0.08548981696367264}, "0.75": {"kuchnia": 0.13402660191059113, "ekspres": 0.12868963181972504, "swiatla_salon": 0.11831963807344437, "telewizor": 0.2546411454677582, "swiatla_balkon": 0.0030880505219101906, "lampka_sypialnia": 0.08368950337171555}}}, "time": {"0.005": {"0.5": {"kuchnia": 0.37779414653778076, "ekspres": 0.16383668780326843, "swiatla_salon": 0.1260255128145218, "telewizor": 0.3798949420452118, "swiatla_balkon": 0.00084263167809695, "lampka_sypialnia": 0.0010623233392834663}, "0.75": {"kuchnia": 0.13758201897144318, "ekspres": 0.12675374746322632, "swiatla_salon": 0.1261713057756424, "telewizor": 0.3778477609157562, "swiatla_balkon": 0.11967144161462784, "lampka_sypialnia": 0.12383820861577988}}, "0.001": {"0.5": {"kuchnia": 0.19830596446990967, "ekspres": 0.1364913135766983, "swiatla_salon": 0.1274861842393875, "telewizor": 0.3570326566696167, "swiatla_balkon": 0.01743301749229431, "lampka_sypialnia": 0.0160048995167017}, "0.75": {"kuchnia": 0.20386244356632233, "ekspres": 0.14021827280521393, "swiatla_salon": 0.12718509137630463, "telewizor": 0.35197195410728455, "swiatla_balkon": 0.013986174948513508, "lampka_sypialnia": 0.021703822538256645}}}, "time_cos": {"0.005": {"0.5": {"kuchnia": 0.2735922634601593, "ekspres": 0.12599293887615204, "swiatla_salon": 0.2525825798511505, "telewizor": 0.5031740069389343, "swiatla_balkon": 0.12039007246494293, "lampka_sypialnia": 0.24636147916316986}, "0.75": {"kuchnia": 0.22486846148967743, "ekspres": 0.12722237408161163, "swiatla_salon": 0.12679451704025269, "telewizor": 0.5032606720924377, "swiatla_balkon": 0.11987189203500748, "lampka_sypialnia": 0.1259687840938568}}, "0.001": {"0.5": {"kuchnia": 0.2231164127588272, "ekspres": 0.14030182361602783, "swiatla_salon": 0.1288604736328125, "telewizor": 0.38027364015579224, "swiatla_balkon": 0.05990380421280861, "lampka_sypialnia": 0.029190097004175186}, "0.75": {"kuchnia": 0.21595138311386108, "ekspres": 0.13696202635765076, "swiatla_salon": 0.12817344069480896, "telewizor": 0.3819582462310791, "swiatla_balkon": 0.054583217948675156, "lampka_sypialnia": 0.021298369392752647}}}}